Ref,Val,Package,PosX,PosY,Rot,Side
"J5","~","Connector 1",-26.630000,-83.840000,0.000000,top
"J6","172023-1","1720231",9.900000,-87.580000,-90.000000,top
