Ref,Val,Package,PosX,PosY,Rot,Side
"CON1","","Z31 15 + 36",-8.250000,-92.000000,0.000000,top
"Z31","~","Z31 15 + 36",-108.347000,116.526500,0.000000,top
